C_num,UB,User_gender,Text,Sentiment
1,1,0,hey hi,-1
1,0,0,"Hey! Welcome to the website of the University of South Carolina, Columbia. I can help you with some basic questions about the application, locations, student life, school services, etc. How can I help it?",-1
1,1,0,hey student life,-1
1,0,0,Check out the FAQ here for an answer: https://drive.google.com/file/d/1Ptasa5AuLKAz9s19Pg-SiQlAXiae1LfE/view?usp=sharing Helpful?,-1
1,1,0,"hey, useful",-1
1,0,0,"Thanks, keep going!",-1
1,1,0,"Hey, how to find an apartment?",-1
1,0,0,Check out the FAQ here for an answer: https://drive.google.com/file/d/1Ptasa5AuLKAz9s19Pg-SiQlAXiae1LfE/view?usp=sharing Helpful?,-1
1,1,0,"hey, useful",-1
1,0,0,"Thanks, keep going!",-1
1,1,0,Hello. What's the price,-1
1,0,0,Check out the FAQ here for an answer: https://drive.google.com/file/d/1Ptasa5AuLKAz9s19Pg-SiQlAXiae1LfE/view?usp=sharing Helpful?,-1
1,1,0,"hey, useful",-1
1,0,0,"Thanks, keep going!",-1
1,1,0,Hello Goodbye,-1
1,0,0,Could you give us some feedback on your experience? There will be 5 questions.,-1
1,1,0,Hi Yes,-1
1,0,0,Are you satisfied with the answers to your questions?,-1
1,1,0,"Hey, satisfy",-1
1,0,0,Are you satisfied with the way the chatbot interacted with you?,-1
1,1,0,"hey, interaction",-1
1,0,0,To what extent will you prefer the chatbot to searching for answers on Google?,-1
1,1,0,hi preference,-1
1,0,0,Will you choose the chatbot to find UofSC information for future use?,-1
1,1,0,hello future,-1
1,0,0,What is your overall satisfaction from using the chatbot to find school information?,-1
1,1,0,"hello, generally",-1
1,0,0,"Thanks, that's all for the comments. The last part refers to your demographic information. Are you currently a student studying less than 2 years at UofSC?",-1
1,1,0,hear answers,-1
1,0,0,What is your gender?,-1
1,1,0,hey gender,-1
1,0,0,How old are you?,-1
1,1,0,hey age,-1
1,0,0,Is married?,-1
1,1,0,hello marriage,-1
1,0,0,What is your current completed education level?,-1
1,1,0,"hey, education",-1
1,0,0,Thank you for your participation and comments. This is all about the experiment.,-1
2,1,0,hey hi,-1
2,0,0,"Hey! Welcome to the website of the University of South Carolina, Columbia. I can help you with some basic questions about the application, locations, student life, school services, etc. How can I help it?",-1
2,1,0,"Hey, when is the deadline to apply for PhD? for the spring semester?",-1
2,0,0,Check out the FAQ here for an answer: https://drive.google.com/file/d/1Ptasa5AuLKAz9s19Pg-SiQlAXiae1LfE/view?usp=sharing Helpful?,-1
2,1,0,"hey, useful",-1
2,0,0,"Thanks, keep going!",-1
2,1,0,"Hey, where can I find the courses I would need to take as a PhD? computer science and engineering student",-1
2,0,0,Check out the FAQ here for an answer: https://drive.google.com/file/d/1Ptasa5AuLKAz9s19Pg-SiQlAXiae1LfE/view?usp=sharing Helpful?,-1
2,1,0,"hey, useful",-1
2,0,0,"Thanks, keep going!",-1
2,1,0,"Hey, when is spring break this year?",-1
2,0,0,Check out the FAQ here for an answer: https://drive.google.com/file/d/1Ptasa5AuLKAz9s19Pg-SiQlAXiae1LfE/view?usp=sharing Helpful?,-1
2,1,0,"hey, useful",-1
2,0,0,"Thanks, keep going!",-1
2,1,0,"Hey, is there a service to help me (a student) find a place to live in Columbia?",-1
2,0,0,Check out the FAQ here for an answer: https://drive.google.com/file/d/1Ptasa5AuLKAz9s19Pg-SiQlAXiae1LfE/view?usp=sharing Helpful?,-1
2,1,0,"hey, useful",-1
2,0,0,"Thanks, keep going!",-1
2,1,0,"Hey, how many credits does a master's student need to take per semester?",-1
2,0,0,Check out the FAQ here for an answer: https://drive.google.com/file/d/1Ptasa5AuLKAz9s19Pg-SiQlAXiae1LfE/view?usp=sharing Helpful?,-1
2,1,0,"hey, useful",-1
2,0,0,"Thanks, keep going!",-1
2,1,0,Hello Goodbye,-1
2,0,0,Could you give us some feedback on your experience? There will be 5 questions.,-1
2,1,0,Hi Yes,-1
2,0,0,Are you satisfied with the answers to your questions?,-1
2,1,0,"Hey, satisfy",-1
2,0,0,Are you satisfied with the way the chatbot interacted with you?,-1
2,1,0,"hey, interaction",-1
2,0,0,To what extent will you prefer the chatbot to searching for answers on Google?,-1
2,1,0,hi preference,-1
2,0,0,Will you choose the chatbot to find UofSC information for future use?,-1
2,1,0,hello future,-1
2,0,0,What is your overall satisfaction from using the chatbot to find school information?,-1
2,1,0,"hello, generally",-1
2,0,0,"Thanks, that's all for the comments. The last part refers to your demographic information. Are you currently a student studying less than 2 years at UofSC?",-1
2,1,0,hear answers,-1
2,0,0,What is your gender?,-1
2,1,0,hey gender,-1
2,0,0,How old are you?,-1
2,1,0,hey age,-1
2,0,0,Is married?,-1
2,1,0,hello marriage,-1
2,0,0,What is your current completed education level?,-1
2,1,0,"hey, education",-1
2,0,0,Thank you for your participation and comments. This is all about the experiment.,-1
3,1,0,hey hi,-1
3,0,0,"Hey! Welcome to the website of the University of South Carolina, Columbia. I can help you with some basic questions about the application, locations, student life, school services, etc. How can I help it?",-1
3,1,0,hey student life,-1
3,0,0,Check out the FAQ here for an answer: https://drive.google.com/file/d/1Ptasa5AuLKAz9s19Pg-SiQlAXiae1LfE/view?usp=sharing Helpful?,-1
3,1,0,"hey, useful",-1
3,0,0,"Thanks, keep going!",-1
3,1,0,"Hey, how to find an apartment?",-1
3,0,0,Check out the FAQ here for an answer: https://drive.google.com/file/d/1Ptasa5AuLKAz9s19Pg-SiQlAXiae1LfE/view?usp=sharing Helpful?,-1
3,1,0,"hey, useful",-1
3,0,0,"Thanks, keep going!",-1
3,1,0,Hello. What's the price,-1
3,0,0,Check out the FAQ here for an answer: https://drive.google.com/file/d/1Ptasa5AuLKAz9s19Pg-SiQlAXiae1LfE/view?usp=sharing Helpful?,-1
3,1,0,"hey, useful",-1
3,0,0,"Thanks, keep going!",-1
3,1,0,Hello Goodbye,-1
3,0,0,Could you give us some feedback on your experience? There will be 5 questions.,-1
3,1,0,Hi Yes,-1
3,0,0,Are you satisfied with the answers to your questions?,-1
3,1,0,"Hey, satisfy",-1
3,0,0,Are you satisfied with the way the chatbot interacted with you?,-1
3,1,0,"hey, interaction",-1
3,0,0,To what extent will you prefer the chatbot to searching for answers on Google?,-1
3,1,0,hi preference,-1
3,0,0,Will you choose the chatbot to find UofSC information for future use?,-1
3,1,0,hello future,-1
3,0,0,What is your overall satisfaction from using the chatbot to find school information?,-1
3,1,0,"hello, generally",-1
3,0,0,"Thanks, that's all for the comments. The last part refers to your demographic information. Are you currently a student studying less than 2 years at UofSC?",-1
3,1,0,hear answers,-1
3,0,0,What is your gender?,-1
3,1,0,hey gender,-1
3,0,0,How old are you?,-1
3,1,0,hey age,-1
3,0,0,Is married?,-1
3,1,0,hello marriage,-1
3,0,0,What is your current completed education level?,-1
3,1,0,"hey, education",-1
3,0,0,Thank you for your participation and comments. This is all about the experiment.,-1
4,1,0,hey hi,-1
4,0,0,"Hey! Welcome to the website of the University of South Carolina, Columbia. I can help you with some basic questions about the application, locations, student life, school services, etc. How can I help it?",-1
4,1,0,"Hey, when is the deadline to apply for PhD? for the spring semester?",-1
4,0,0,Check out the FAQ here for an answer: https://drive.google.com/file/d/1Ptasa5AuLKAz9s19Pg-SiQlAXiae1LfE/view?usp=sharing Helpful?,-1
4,1,0,"hey, useful",-1
4,0,0,"Thanks, keep going!",-1
4,1,0,"Hey, where can I find the courses I would need to take as a PhD? computer science and engineering student",-1
4,0,0,Check out the FAQ here for an answer: https://drive.google.com/file/d/1Ptasa5AuLKAz9s19Pg-SiQlAXiae1LfE/view?usp=sharing Helpful?,-1
4,1,0,"hey, useful",-1
4,0,0,"Thanks, keep going!",-1
4,1,0,"Hey, when is spring break this year?",-1
4,0,0,Check out the FAQ here for an answer: https://drive.google.com/file/d/1Ptasa5AuLKAz9s19Pg-SiQlAXiae1LfE/view?usp=sharing Helpful?,-1
4,1,0,"hey, useful",-1
4,0,0,"Thanks, keep going!",-1
4,1,0,"Hey, is there a service to help me (a student) find a place to live in Columbia?",-1
4,0,0,Check out the FAQ here for an answer: https://drive.google.com/file/d/1Ptasa5AuLKAz9s19Pg-SiQlAXiae1LfE/view?usp=sharing Helpful?,-1
4,1,0,"hey, useful",-1
4,0,0,"Thanks, keep going!",-1
4,1,0,"Hey, how many credits does a master's student need to take per semester?",-1
4,0,0,Check out the FAQ here for an answer: https://drive.google.com/file/d/1Ptasa5AuLKAz9s19Pg-SiQlAXiae1LfE/view?usp=sharing Helpful?,-1
4,1,0,"hey, useful",-1
4,0,0,"Thanks, keep going!",-1
4,1,0,Hello Goodbye,-1
4,0,0,Could you give us some feedback on your experience? There will be 5 questions.,-1
4,1,0,Hi Yes,-1
4,0,0,Are you satisfied with the answers to your questions?,-1
4,1,0,"Hey, satisfy",-1
4,0,0,Are you satisfied with the way the chatbot interacted with you?,-1
4,1,0,"hey, interaction",-1
4,0,0,To what extent will you prefer the chatbot to searching for answers on Google?,-1
4,1,0,hi preference,-1
4,0,0,Will you choose the chatbot to find UofSC information for future use?,-1
4,1,0,hello future,-1
4,0,0,What is your overall satisfaction from using the chatbot to find school information?,-1
4,1,0,"hello, generally",-1
4,0,0,"Thanks, that's all for the comments. The last part refers to your demographic information. Are you currently a student studying less than 2 years at UofSC?",-1
4,1,0,hear answers,-1
4,0,0,What is your gender?,-1
4,1,0,hey gender,-1
4,0,0,How old are you?,-1
4,1,0,hey age,-1
4,0,0,Is married?,-1
4,1,0,hello marriage,-1
4,0,0,What is your current completed education level?,-1
4,1,0,"hey, education",-1
4,0,0,Thank you for your participation and comments. This is all about the experiment.,-1
5,1,0,hey hi,-1
5,0,0,"Hey! Welcome to the website of the University of South Carolina, Columbia. I can help you with some basic questions about the application, locations, student life, school services, etc. How can I help it?",-1
5,1,0,"Hey, I want to find a temporary stay near campus.",-1
5,0,0,Check out the FAQ here for an answer: https://drive.google.com/file/d/1Ptasa5AuLKAz9s19Pg-SiQlAXiae1LfE/view?usp=sharing Helpful?,-1
5,1,0,"Hey, I need an apartment",-1
5,0,0,Check out the FAQ here for an answer: https://drive.google.com/file/d/1Ptasa5AuLKAz9s19Pg-SiQlAXiae1LfE/view?usp=sharing Helpful?,-1
5,1,0,"Hey, how to find an apartment?",-1
5,0,0,Check out the FAQ here for an answer: https://drive.google.com/file/d/1Ptasa5AuLKAz9s19Pg-SiQlAXiae1LfE/view?usp=sharing Helpful?,-1
5,1,0,"hey, useful",-1
5,0,0,"Thanks, keep going!",-1
5,1,0,"Hey, what is the application fee?",-1
5,0,0,Check out the FAQ here for an answer: https://drive.google.com/file/d/1Ptasa5AuLKAz9s19Pg-SiQlAXiae1LfE/view?usp=sharing Helpful?,-1
5,1,0,"hey, useful",-1
5,0,0,"Thanks, keep going!",-1
5,1,0,"hello, end",-1
5,0,0,Could you give us some feedback on your experience? There will be 5 questions.,-1
5,1,0,Hi Yes,-1
5,0,0,Are you satisfied with the answers to your questions?,-1
5,1,0,"Hey, satisfy",-1
5,0,0,Are you satisfied with the way the chatbot interacted with you?,-1
5,1,0,"hey, interaction",-1
5,0,0,To what extent will you prefer the chatbot to searching for answers on Google?,-1
5,1,0,hi preference,-1
5,0,0,Will you choose the chatbot to find UofSC information for future use?,-1
5,1,0,hello future,-1
5,0,0,What is your overall satisfaction from using the chatbot to find school information?,-1
5,1,0,"hello, generally",-1
5,0,0,"Thanks, that's all for the comments. The last part refers to your demographic information. Are you currently a student studying less than 2 years at UofSC?",-1
5,1,0,hear answers,-1
5,0,0,What is your gender?,-1
5,1,0,hey gender,-1
5,0,0,How old are you?,-1
5,1,0,hey age,-1
5,0,0,Is married?,-1
5,1,0,hello marriage,-1
5,0,0,What is your current completed education level?,-1
5,1,0,"hey, education",-1
5,0,0,Thank you for your participation and comments. This is all about the experiment.,-1
6,1,0,hey hi,-1
6,0,0,"Hey! Welcome to the website of the University of South Carolina, Columbia. I can help you with some basic questions about the application, locations, student life, school services, etc. How can I help it?",-1
6,1,0,"Hey, what is the application fee? Hey, what is the application fee? Hey, hello",-1
6,0,0,"Hey! Welcome to the website of the University of South Carolina, Columbia. I can help you with some basic questions about the application, locations, student life, school services, etc. How can I help it?",-1
6,1,0,"Hey, how's the weather?",-1
6,0,0,Sorry I can't answer this type of question because I am a chatbot working for the school information request. Please ask a relevant question.,-1
6,1,0,"Hey, what is the application fee?",-1
6,0,0,Check out the FAQ here for an answer: https://drive.google.com/file/d/1bjpTNPy11cH-OCCeXjdwwAhSilXm7Aj4/view?usp=sharing Helpful?,-1
6,1,0,"hey, useful",-1
6,0,0,"Thanks, keep going!",-1
6,1,0,"Hey, where can I stay in Colombia? hey bye",-1
6,0,0,Could you give us some feedback on your experience? There will be 5 questions.,-1
6,1,0,Hi Yes,-1
6,0,0,Are you satisfied with the answers to your questions?,-1
6,1,0,"Hey, satisfy",-1
6,0,0,Are you satisfied with the way the chatbot interacted with you?,-1
6,1,0,"hey, interaction",-1
6,0,0,To what extent will you prefer the chatbot to searching for answers on Google?,-1
6,1,0,hi preference,-1
6,0,0,Will you choose the chatbot to find UofSC information for future use?,-1
6,1,0,hello future,-1
6,0,0,What is your overall satisfaction from using the chatbot to find school information?,-1
6,1,0,"hello, generally",-1
6,0,0,"Thanks, that's all for the comments. The last part refers to your demographic information. Are you currently a student studying less than 2 years at UofSC?",-1
6,1,0,hear answers,-1
6,0,0,What is your gender?,-1
6,1,0,hey gender,-1
6,0,0,How old are you?,-1
6,1,0,hey age,-1
6,0,0,Is married?,-1
6,1,0,hello marriage,-1
6,0,0,What is your current completed education level?,-1
6,1,0,"hey, education",-1
6,0,0,Thank you for your participation and comments. This is all about the experiment.,-1
7,1,0,hey hi,-1
7,0,0,"Hey! Welcome to the website of the University of South Carolina, Columbia. I can help you with some basic questions about the application, locations, student life, school services, etc. How can I help it?",-1
7,1,0,"Hey hi, where can I apply?",-1
7,0,0,Check out the FAQ here for an answer: https://drive.google.com/file/d/1bjpTNPy11cH-OCCeXjdwwAhSilXm7Aj4/view?usp=sharing Helpful?,-1
7,1,0,"hey, useful",-1
7,0,0,"Thanks, keep going!",-1
7,1,0,"Hey, how's the weather?",-1
7,0,0,Sorry I can't answer this type of question because I am a chatbot working for the school information request. Please ask a relevant question.,-1
7,1,0,"Hey, how does the student live? Hey, where can I stay on campus? Hey, what is the application fee? Hey, where can I send the application? Hey, how's the weather?",-1
7,0,0,Sorry I can't answer this type of question because I am a chatbot working for the school information request. Please ask a relevant question.,-1
7,1,0,"Hey, what kind of questions can you answer?",-1
7,0,0,"I'm a bot and I work for the University of South Carolina, Columbia. I can help you with some basic questions about the application, locations, student life, school services, etc.",-1
7,1,0,"Hey, where does the student live? Hey, bye.",-1
7,0,0,Could you give us some feedback on your experience? There will be 5 questions.,-1
7,1,0,Hi Yes,-1
7,0,0,Are you satisfied with the answers to your questions?,-1
7,1,0,"Hey, satisfy",-1
7,0,0,Are you satisfied with the way the chatbot interacted with you?,-1
7,1,0,"hey, interaction",-1
7,0,0,To what extent will you prefer the chatbot to searching for answers on Google?,-1
7,1,0,hi preference,-1
7,0,0,Will you choose the chatbot to find UofSC information for future use?,-1
7,1,0,hello future,-1
7,0,0,What is your overall satisfaction from using the chatbot to find school information?,-1
7,1,0,"hello, generally",-1
7,0,0,"Thanks, that's all for the comments. The last part refers to your demographic information. Are you currently a student studying less than 2 years at UofSC?",-1
7,1,0,hear answers,-1
7,0,0,What is your gender?,-1
7,1,0,hey gender,-1
7,0,0,How old are you?,-1
7,1,0,hey age,-1
7,0,0,Is married?,-1
7,1,0,hello marriage,-1
7,0,0,What is your current completed education level?,-1
7,1,0,"hey, education",-1
7,0,0,Thank you for your participation and comments. This is all about the experiment.,-1
8,1,0,hey hi,-1
8,0,0,"Hey! Welcome to the website of the University of South Carolina, Columbia. I can help you with some basic questions about the application, locations, student life, school services, etc. How can I help it?",-1
8,1,0,"Hello, how do I get my student card?",-1
8,0,0,Check out the FAQ here for an answer: https://drive.google.com/file/d/1bjpTNPy11cH-OCCeXjdwwAhSilXm7Aj4/view?usp=sharing Helpful?,-1
8,1,0,"hey, useful",-1
8,0,0,"Thanks, keep going!",-1
8,1,0,"Hey, what means of transportation to use? Hey, what is the typical cost of an apartment or a room? Hey, bye.",-1
8,0,0,Could you give us some feedback on your experience? There will be 5 questions.,-1
8,1,0,"Hey, No",-1
8,0,0,I'm sorry to hear that. Please just give us a general comment. What is your overall satisfaction from using the chatbot to find school information?,-1
8,1,0,"hello, short",-1
8,0,0,"Thanks, that's all for the comments. The last part refers to your demographic information. Are you currently a student studying less than 2 years at UofSC?",-1
8,1,0,hear answers,-1
8,0,0,What is your gender?,-1
8,1,0,hey gender,-1
8,0,0,How old are you?,-1
8,1,0,hey age,-1
8,0,0,Is married?,-1
8,1,0,hello marriage,-1
8,0,0,What is your current completed education level?,-1
8,1,0,"hey, education",-1
8,0,0,Thank you. The last part refers to your demographic information.,-1
8,1,0,hey hi,-1
8,0,0,"Hey! Welcome to the website of the University of South Carolina, Columbia. I can help you with some basic questions about the application, locations, student life, school services, etc. How can I help it?",-1
8,1,0,hey student life,-1
8,0,0,Check out the FAQ here for an answer: https://drive.google.com/file/d/1Ptasa5AuLKAz9s19Pg-SiQlAXiae1LfE/view?usp=sharing Helpful?,-1
8,1,0,"hey, useful",-1
8,0,0,"Thanks, keep going!",-1
8,1,0,"Hey, how to find an apartment?",-1
8,0,0,Check out the FAQ here for an answer: https://drive.google.com/file/d/1Ptasa5AuLKAz9s19Pg-SiQlAXiae1LfE/view?usp=sharing Helpful?,-1
8,1,0,"hey, useful",-1
8,0,0,"Thanks, keep going!",-1
8,1,0,Hello. What's the price,-1
8,0,0,Check out the FAQ here for an answer: https://drive.google.com/file/d/1Ptasa5AuLKAz9s19Pg-SiQlAXiae1LfE/view?usp=sharing Helpful?,-1
8,1,0,"hey, useful",-1
8,0,0,"Thanks, keep going!",-1
8,1,0,Hello Goodbye,-1
8,0,0,Could you give us some feedback on your experience? There will be 5 questions.,-1
8,1,0,Hi Yes,-1
8,0,0,Are you satisfied with the answers to your questions?,-1
8,1,0,"Hey, satisfy",-1
8,0,0,Are you satisfied with the way the chatbot interacted with you?,-1
8,1,0,"hey, interaction",-1
8,0,0,To what extent will you prefer the chatbot to searching for answers on Google?,-1
8,1,0,hi preference,-1
8,0,0,Will you choose the chatbot to find UofSC information for future use?,-1
8,1,0,hello future,-1
8,0,0,What is your overall satisfaction from using the chatbot to find school information?,-1
8,1,0,"hello, generally",-1
8,0,0,"Thanks, that's all for the comments. The last part refers to your demographic information. Are you currently a student studying less than 2 years at UofSC?",-1
8,1,0,hear answers,-1
8,0,0,What is your gender?,-1
8,1,0,hey gender,-1
8,0,0,How old are you?,-1
8,1,0,hey age,-1
8,0,0,Is married?,-1
8,1,0,hello marriage,-1
8,0,0,What is your current completed education level?,-1
8,1,0,"hey, education",-1
8,0,0,Thank you for your participation and comments. This is all about the experiment.,-1
9,1,0,hey hi,-1
9,0,0,"Hey! Welcome to the website of the University of South Carolina, Columbia. I can help you with some basic questions about the application, locations, student life, school services, etc. How can I help it?",-1
9,1,0,"Hey, when is the deadline to apply for PhD? for the spring semester?",-1
9,0,0,Check out the FAQ here for an answer: https://drive.google.com/file/d/1Ptasa5AuLKAz9s19Pg-SiQlAXiae1LfE/view?usp=sharing Helpful?,-1
9,1,0,"hey, useful",-1
9,0,0,"Thanks, keep going!",-1
9,1,0,"Hey, where can I find the courses I would need to take as a PhD? computer science and engineering student",-1
9,0,0,Check out the FAQ here for an answer: https://drive.google.com/file/d/1Ptasa5AuLKAz9s19Pg-SiQlAXiae1LfE/view?usp=sharing Helpful?,-1
9,1,0,"hey, useful",-1
9,0,0,"Thanks, keep going!",-1
9,1,0,"Hey, when is spring break this year?",-1
9,0,0,Check out the FAQ here for an answer: https://drive.google.com/file/d/1Ptasa5AuLKAz9s19Pg-SiQlAXiae1LfE/view?usp=sharing Helpful?,-1
9,1,0,"hey, useful",-1
9,0,0,"Thanks, keep going!",-1
9,1,0,"Hey, is there a service to help me (a student) find a place to live in Columbia?",-1
9,0,0,Check out the FAQ here for an answer: https://drive.google.com/file/d/1Ptasa5AuLKAz9s19Pg-SiQlAXiae1LfE/view?usp=sharing Helpful?,-1
9,1,0,"hey, useful",-1
9,0,0,"Thanks, keep going!",-1
9,1,0,"Hey, how many credits does a master's student need to take per semester?",-1
9,0,0,Check out the FAQ here for an answer: https://drive.google.com/file/d/1Ptasa5AuLKAz9s19Pg-SiQlAXiae1LfE/view?usp=sharing Helpful?,-1
9,1,0,"hey, useful",-1
9,0,0,"Thanks, keep going!",-1
9,1,0,Hello Goodbye,-1
9,0,0,Could you give us some feedback on your experience? There will be 5 questions.,-1
9,1,0,Hi Yes,-1
9,0,0,Are you satisfied with the answers to your questions?,-1
9,1,0,"Hey, satisfy",-1
9,0,0,Are you satisfied with the way the chatbot interacted with you?,-1
9,1,0,"hey, interaction",-1
9,0,0,To what extent will you prefer the chatbot to searching for answers on Google?,-1
9,1,0,hi preference,-1
9,0,0,Will you choose the chatbot to find UofSC information for future use?,-1
9,1,0,hello future,-1
9,0,0,What is your overall satisfaction from using the chatbot to find school information?,-1
9,1,0,"hello, generally",-1
9,0,0,"Thanks, that's all for the comments. The last part refers to your demographic information. Are you currently a student studying less than 2 years at UofSC?",-1
9,1,0,hear answers,-1
9,0,0,What is your gender?,-1
9,1,0,hey gender,-1
9,0,0,How old are you?,-1
9,1,0,hey age,-1
9,0,0,Is married?,-1
9,1,0,hello marriage,-1
9,0,0,What is your current completed education level?,-1
9,1,0,"hey, education",-1
9,0,0,Thank you for your participation and comments. This is all about the experiment.,-1
10,1,0,hey hi,-1
10,0,0,"Hey! Welcome to the website of the University of South Carolina, Columbia. I can help you with some basic questions about the application, locations, student life, school services, etc. How can I help it?",-1
10,1,0,"Hey, I want to find a temporary stay near campus.",-1
10,0,0,Check out the FAQ here for an answer: https://drive.google.com/file/d/1Ptasa5AuLKAz9s19Pg-SiQlAXiae1LfE/view?usp=sharing Helpful?,-1
10,1,0,"Hey, I need an apartment",-1
10,0,0,Check out the FAQ here for an answer: https://drive.google.com/file/d/1Ptasa5AuLKAz9s19Pg-SiQlAXiae1LfE/view?usp=sharing Helpful?,-1
10,1,0,"Hey, how to find an apartment?",-1
10,0,0,Check out the FAQ here for an answer: https://drive.google.com/file/d/1Ptasa5AuLKAz9s19Pg-SiQlAXiae1LfE/view?usp=sharing Helpful?,-1
10,1,0,"hey, useful",-1
10,0,0,"Thanks, keep going!",-1
10,1,0,"Hey, what is the application fee?",-1
10,0,0,Check out the FAQ here for an answer: https://drive.google.com/file/d/1Ptasa5AuLKAz9s19Pg-SiQlAXiae1LfE/view?usp=sharing Helpful?,-1
10,1,0,"hey, useful",-1
10,0,0,"Thanks, keep going!",-1
10,1,0,"hello, end",-1
10,0,0,Could you give us some feedback on your experience? There will be 5 questions.,-1
10,1,0,Hi Yes,-1
10,0,0,Are you satisfied with the answers to your questions?,-1
10,1,0,"Hey, satisfy",-1
10,0,0,Are you satisfied with the way the chatbot interacted with you?,-1
10,1,0,"hey, interaction",-1
10,0,0,To what extent will you prefer the chatbot to searching for answers on Google?,-1
10,1,0,hi preference,-1
10,0,0,Will you choose the chatbot to find UofSC information for future use?,-1
10,1,0,hello future,-1
10,0,0,What is your overall satisfaction from using the chatbot to find school information?,-1
10,1,0,"hello, generally",-1
10,0,0,"Thanks, that's all for the comments. The last part refers to your demographic information. Are you currently a student studying less than 2 years at UofSC?",-1
10,1,0,hear answers,-1
10,0,0,What is your gender?,-1
10,1,0,hey gender,-1
10,0,0,How old are you?,-1
10,1,0,hey age,-1
10,0,0,Is married?,-1
10,1,0,hello marriage,-1
10,0,0,What is your current completed education level?,-1
10,1,0,"hey, education",-1
10,0,0,Thank you for your participation and comments. This is all about the experiment.,-1
11,1,0,hey hi,-1
11,0,0,"Hey! Welcome to the website of the University of South Carolina, Columbia. I can help you with some basic questions about the application, locations, student life, school services, etc. How can I help it?",-1
11,1,0,"Hey hi, can you tell me about the shuttle services and timetables please?",-1
11,0,0,Check out the FAQ here for an answer: https://drive.google.com/file/d/1Ptasa5AuLKAz9s19Pg-SiQlAXiae1LfE/view?usp=sharing Helpful?,-1
11,1,0,"hey, useful",-1
11,0,0,"Thanks, keep going!",-1
11,1,0,"Hey, can you help me find jobs on campus?",-1
11,0,0,Check out the FAQ here for an answer: https://drive.google.com/file/d/1Ptasa5AuLKAz9s19Pg-SiQlAXiae1LfE/view?usp=sharing Helpful?,-1
11,1,0,"hey, useful",-1
11,0,0,"Thanks, keep going!",-1
11,1,0,Hello Goodbye,-1
11,0,0,Could you give us some feedback on your experience? There will be 5 questions.,-1
11,1,0,Hi Yes,-1
11,0,0,Are you satisfied with the answers to your questions?,-1
11,1,0,"Hey, satisfy",-1
11,0,0,Are you satisfied with the way the chatbot interacted with you?,-1
11,1,0,"hey, interaction",-1
11,0,0,To what extent will you prefer the chatbot to searching for answers on Google?,-1
11,1,0,hi preference,-1
11,0,0,Will you choose the chatbot to find UofSC information for future use?,-1
11,1,0,hello future,-1
11,0,0,What is your overall satisfaction from using the chatbot to find school information?,-1
11,1,0,"hello, generally",-1
11,0,0,"Thanks, that's all for the comments. The last part refers to your demographic information. Are you currently a student studying less than 2 years at UofSC?",-1
11,1,0,hear answers,-1
11,0,0,What is your gender?,-1
11,1,0,hey gender,-1
11,0,0,How old are you?,-1
11,1,0,hey age,-1
11,0,0,Is married?,-1
11,1,0,hello marriage,-1
11,0,0,What is your current completed education level?,-1
11,1,0,"hey, education",-1
11,0,0,Thank you for your participation and comments. This is all about the experiment.,-1
12,1,1,"hello boy, hello",-1
12,0,1,"Hey! Welcome to the website of the University of South Carolina, Columbia. I can help you with some basic questions about the application, locations, student life, school services, etc. How can I help it?",-1
12,1,1,"Hey boy, how to apply?",-1
12,0,1,Check out the FAQ here for an answer: https://drive.google.com/file/d/1Ptasa5AuLKAz9s19Pg-SiQlAXiae1LfE/view?usp=sharing Helpful?,-1
12,1,1,"Hey boy, helpful",-1
12,0,1,"Thanks, keep going!",-1
12,1,1,"Hey kid, how do you find an apartment?",-1
12,0,1,Check out the FAQ here for an answer: https://drive.google.com/file/d/1Ptasa5AuLKAz9s19Pg-SiQlAXiae1LfE/view?usp=sharing Helpful?,-1
12,1,1,"Hey boy, helpful",-1
12,0,1,"Thanks, keep going!",-1
12,1,1,"Hey boy, how to get the student card?",-1
12,0,1,Check out the FAQ here for an answer: https://drive.google.com/file/d/1Ptasa5AuLKAz9s19Pg-SiQlAXiae1LfE/view?usp=sharing Helpful?,-1
12,1,1,"Hey boy, helpful",-1
12,0,1,"Thanks, keep going!",-1
12,1,1,"hello boy, bye",-1
12,0,1,Could you give us some feedback on your experience? There will be 5 questions.,-1
12,1,1,"Hey boy, No",-1
12,0,1,I'm sorry to hear that. Please just give us a general comment. What is your overall satisfaction from using the chatbot to find school information?,-1
12,1,1,"Hey boy, shorty",-1
12,0,1,Thank you for your participation and comments. This is all about the experiment.,-1
13,1,1,"hello boy, hello",-1
13,0,1,"Hey! Welcome to the website of the University of South Carolina, Columbia. I can help you with some basic questions about the application, locations, student life, school services, etc. How can I help it?",-1
13,1,1,"Hello boy, how are you?",-1
13,0,1,"I'm a bot and I work for the University of South Carolina, Columbia. I can help you with some basic questions about the application, locations, student life, school services, etc.",-1
13,1,1,"Hey boy, student living",-1
13,0,1,Check out the FAQ here for an answer: https://drive.google.com/file/d/1Ptasa5AuLKAz9s19Pg-SiQlAXiae1LfE/view?usp=sharing Helpful?,-1
13,1,1,"Hey boy, helpful",-1
13,0,1,"Thanks, keep going!",-1
13,1,1,"Hey kid, how is life in Colombia?",-1
13,0,1,Check out the FAQ here for an answer: https://drive.google.com/file/d/1Ptasa5AuLKAz9s19Pg-SiQlAXiae1LfE/view?usp=sharing Helpful?,-1
13,1,1,"Hey boy, helpful",-1
13,0,1,"Thanks, keep going!",-1
13,1,1,"hey boy, bye",-1
13,0,1,Could you give us some feedback on your experience? There will be 5 questions.,-1
13,1,1,hey boy yeah,-1
13,0,1,Are you satisfied with the answers to your questions?,-1
13,1,1,"Hey boy, satisfy",-1
13,0,1,Are you satisfied with the way the chatbot interacted with you?,-1
13,1,1,"Hey boy, interaction",-1
13,0,1,To what extent will you prefer the chatbot to searching for answers on Google?,-1
13,1,1,"Hey boy, preference",-1
13,0,1,Will you choose the chatbot to find UofSC information for future use?,-1
13,1,1,"Hey boy, future",-1
13,0,1,What is your overall satisfaction from using the chatbot to find school information?,-1
13,1,1,"Hey boy, in general",-1
13,0,1,"Thanks, that's all for the comments. The last part refers to your demographic information. Are you currently a student studying less than 2 years at UofSC?",-1
13,1,1,"Hey boy, answer",-1
13,0,1,What is your gender?,-1
13,1,1,"Hey boy, gender",-1
13,0,1,How old are you?,-1
13,1,1,"Hey boy, age",-1
13,0,1,Is married?,-1
13,1,1,"Hey boy, marriage",-1
13,0,1,What is your current completed education level?,-1
13,1,1,"Hey boy, education",-1
13,0,1,Thank you for your participation and comments. This is all about the experiment.,-1
14,1,1,"hello boy, hello",-1
14,0,1,"Hey! Welcome to the website of the University of South Carolina, Columbia. I can help you with some basic questions about applying, locations, student housing, on-campus meals, etc. How can I help it?",-1
14,1,1,"Hey boy, how to apply?",-1
14,0,1,Check the web page: https://sc.edu/apply/index.php Did you get the answer?,-1
14,1,1,"Hey boy, helpful",-1
14,0,1,"Thanks, keep going!",-1
14,1,1,"Hey kid, how much is the application fee?",-1
14,0,1,The application fee for undergraduate students is $65 (common application fee without waiver); for the general graduate program it is $50. Other applications may cost more.,-1
14,1,1,hey boy bye,-1
14,0,1,Could you give us some feedback on your experience? There will be 5 questions.,-1
14,1,1,"Hey boy, No",-1
14,0,1,Please just give us a general comment. What is your overall satisfaction from using the chatbot to find school information?,-1
14,1,1,"Hey boy, shorty",-1
14,0,1,Thank you for your participation and comments. This is all about the experiment.,-1
15,1,1,"hello boy, hello",-1
15,0,1,"Hey! Welcome to the website of the University of South Carolina, Columbia. I can help you with some basic questions about applying, locations, student housing, on-campus meals, etc. How can I help it?",-1
15,1,1,"Hey boy, how do you find a place to stay?",-1
15,0,1,Campus housing is primarily for first-year students. Most of the university's students and visitors use off-campus housing. Many find www.zillow.com helpful in finding an apartment or room. got the answer,-1
15,1,1,"Hey boy, helpful",-1
15,0,1,"Thanks, keep going!",-1
15,1,1,"Hey kid, how much is the application fee?",-1
15,0,1,The application fee for undergraduate students is $65 (common application fee without waiver); for the general graduate program it is $50. Other applications may cost more.,-1
15,1,1,"Hey boy, how to apply? Hey kid, how about student housing?",-1
15,0,1,"Housing prices for on-campus residents range from $3,100 to $6,600 per semester. For more details, see the web page: https://sc.edu/about/offices_and_divisions/housing/index.php; The price of an off-campus apartment in Columbia ranges from $500 to $1,500. A room can be found at 350-600 USD. Columbia offers a variety of traditional and family-friendly apartment and living options. You can expand your search to websites such as ApartmentFinder.com, ApartmentList.com, Zillow.com, Trulia.com, and Homes.com. got the answer",-1
15,1,1,"Hey boy, helpful",-1
15,0,1,"Thanks, keep going!",-1
15,1,1,"Hey kid, how to apply Hey kid, where to eat lunch on campus?",-1
15,0,1,There are several places to eat lunch on and around campus. Check out lunch spots here https://sc.edu/experience/grab_a_bite/campus_restaurants_list.php,-1
15,1,1,"hello boy, bye",-1
15,0,1,Could you give us some feedback on your experience? There will be 5 questions.,-1
15,1,1,"Hey boy, No",-1
15,0,1,Please just give us a general comment. What is your overall satisfaction from using the chatbot to find school information?,-1
15,1,1,"Hey boy, shorty",-1
15,0,1,Thank you for your participation and comments. This is all about the experiment.,-1
16,1,1,"hello boy, hello",-1
16,0,1,"Hey! Welcome to the website of the University of South Carolina, Columbia. I can help you with some basic questions about applying, locations, student housing, on-campus meals, etc. How can I help it?",-1
16,1,1,"Hey boy, how to apply?",-1
16,0,1,Check the web page: https://sc.edu/apply/index.php Did you get the answer?,-1
16,1,1,"Hey boy, helpful",-1
16,0,1,"Thanks, keep going!",-1
16,1,1,"Hey kid, how much is the application fee?",-1
16,0,1,The application fee for undergraduate students is $65 (common application fee without waiver); for the general graduate program it is $50. Other applications may cost more. got the answer,-1
16,1,1,"Hey boy, helpful",-1
16,0,1,"Thanks, keep going!",-1
16,1,1,"Hey boy, how do you find a place to stay?",-1
16,0,1,Campus housing is primarily for first-year students. Most of the university's students and visitors use off-campus housing. Many find www.zillow.com helpful in finding an apartment or room. got the answer,-1
16,1,1,"Hey boy, helpful",-1
16,0,1,"Thanks, keep going!",-1
16,1,1,"Hey kid, what's the student cost of living?",-1
16,0,1,"For on-campus housing, please contact the Customer Service Help Center: https://sc.edu/about/offices_and_divisions/housing/help_center/index.php /n/ For off-campus housing, you should contact with your apartment rental office. The school also provides consulting and legal services for off-campus living matters: https://sc.edu/about/offices_and_divisions/off_campus_living_and_neighborhood_relations/find-housing/index.php Got the answer?",-1
16,1,1,"Hey boy, helpful",-1
16,0,1,"Thanks, keep going!",-1
16,1,1,"Hey kid, where do you eat lunch on campus?",-1
16,0,1,There are several places to eat lunch on and around campus. Check out the lunch spots here https://sc.edu/experience/grab_a_bite/campus_restaurants_list.php Got the answer?,-1
16,1,1,"Hey boy, helpful",-1
16,0,1,"Thanks, keep going!",-1
16,1,1,"Hey kid, how about the meal plan?",-1
16,0,1,How about the meal plan? got the answer,-1
16,1,1,"Hey boy, helpful",-1
16,0,1,"Thanks, keep going!",-1
16,1,1,"Hey kid, how about the meal plan?",-1
16,0,1,How about the meal plan? got the answer,-1
16,1,1,"Hey boy, helpful",-1
16,0,1,"Thanks, keep going!",-1
16,1,1,"Hey kid, what's the cost to eat on campus?",-1
16,0,1,"The typical price of a student apartment in Columbia ranges from $500 to $1,500. A room can be found at 350-600 USD. got the answer",-1
16,1,1,"Hey boy, helpful",-1
16,0,1,"Thanks, keep going!",-1
16,1,1,"Hey kid, how is the application requirement?",-1
16,0,1,"Sorry, I didn't quite understand that. Could you rephrase or ask another question?",-1
16,1,1,"Hey boy, application requirement",-1
16,0,1,"Sorry, I didn't quite understand that. Could you rephrase or ask another question?",-1
16,1,1,"Hey kid, how about student housing?",-1
16,0,1,"Sorry, I didn't quite understand that. Could you rephrase or ask another question?",-1
16,1,1,"hello boy, bye",-1
16,0,1,Could you give us some feedback on your experience? There will be 5 questions.,-1
16,1,1,hey boy yeah,-1
16,0,1,Are you satisfied with the answers to your questions?,-1
16,1,1,"Hey boy, satisfy",-1
16,0,1,Are you satisfied with the way the chatbot interacted with you?,-1
16,1,1,"Hey boy, interaction",-1
16,0,1,To what extent will you prefer the chatbot to searching for answers on Google?,-1
16,1,1,"Hey boy, preference",-1
16,0,1,Will you choose the chatbot to find UofSC information for future use?,-1
16,1,1,"Hey boy, future",-1
16,0,1,What is your overall satisfaction from using the chatbot to find school information?,-1
16,1,1,"Hey boy, in general",-1
16,0,1,"Thanks, that's all for the comments. The last part refers to your demographic information. Are you currently a student studying less than 2 years at UofSC?",-1
16,1,1,"Hey boy, answer",-1
16,0,1,What is your gender?,-1
16,1,1,"Hey boy, gender",-1
16,0,1,How old are you?,-1
16,1,1,"Hey boy, age",-1
16,0,1,Is married?,-1
16,1,1,"Hey boy, marriage",-1
16,0,1,What is your current completed education level?,-1
16,1,1,"Hey boy, education",-1
16,0,1,Thank you for your participation and comments. This is all about the experiment.,-1
17,1,1,"hello boy, hello",-1
17,0,1,"Hey! Welcome to the website of the University of South Carolina, Columbia. I can help you with some basic questions about applying, locations, student housing, on-campus meals, etc. How can I help it?",-1
17,1,1,"Hey boy, how to apply?",-1
17,0,1,Check the web page: https://sc.edu/apply/index.php Did you get the answer?,-1
17,1,1,"Hey boy, helpful",-1
17,0,1,"Thanks, keep going!",-1
17,1,1,"Hey kid, how much is the application fee?",-1
17,0,1,The application fee for undergraduate students is $65 (common application fee without waiver); for the general graduate program it is $50. Other applications may cost more.,-1
17,1,1,"Hey boy, how do you find a place to stay?",-1
17,0,1,Campus housing is primarily for first-year students. Most of the university's students and visitors use off-campus housing. Many find www.zillow.com helpful in finding an apartment or room. got the answer,-1
17,1,1,"Hey boy, helpful",-1
17,0,1,"Thanks, keep going!",-1
17,1,1,"Hey kid, where do you eat lunch on campus?",-1
17,0,1,There are several places to eat lunch on and around campus. Check out lunch spots here https://sc.edu/experience/grab_a_bite/campus_restaurants_list.php,-1
17,1,1,"Hey kid, how about the meal plan?",-1
17,0,1,How about the meal plan? got the answer,-1
17,1,1,"Hey boy, helpful",-1
17,0,1,"Thanks, keep going!",-1
17,1,1,"hello boy, bye",-1
17,0,1,Could you give us some feedback on your experience? There will be 5 questions.,-1
17,1,1,"Hey boy, No",-1
17,0,1,Please just give us a general comment. What is your overall satisfaction from using the chatbot to find school information?,-1
17,1,1,"Hey boy, shorty",-1
17,0,1,Thank you for your participation and comments. This is all about the experiment.,-1
18,1,1,"hello boy, hello",-1
18,0,1,"Hey! Welcome to the website of the University of South Carolina, Columbia. I can help you with some basic questions about applying, locations, student housing, on-campus meals, etc. How can I help it?",-1
18,1,1,"Hey kid, how about the meal plan?",-1
18,0,1,"There are different types of meal plans for students and faculties. For more information on the meal plan, see the web page: https://sc.edu/about/offices_and_divisions/dining_services/meal_plans/index.php",-1
18,1,1,"Hey kid, did you get the answer?",-1
18,0,1,useful,-1
18,1,1,"Hey boy, thanks, keep going!",-1
18,0,1,Bye,-1
18,1,1,"Hey guy, could you give us some feedback about your experience? There will be 5 questions.",-1
18,0,1,No,-1
18,1,1,"Hey guy, please just give us a general feedback. What is your overall satisfaction from using the chatbot to find school information?",-1
18,0,1,short,-1
18,1,1,"Hi guys, thanks for your participation and comments. This is all about the experiment.",-1
19,0,1,Hola,-1
19,1,1,"Hey boy, hey! Welcome to the website of the University of South Carolina, Columbia. I can help you with some basic questions about applying, locations, student housing, on-campus meals, etc. How can I help it?",-1
19,0,1,How to apply? See the web page: https://sc.edu/apply/index.php,-1
19,1,1,"Hey kid, did you get the answer?",-1
19,0,1,useful,-1
19,1,1,"Hey boy, thanks, keep going!",-1
19,0,1,How much is the application fee?,-1
19,1,1,"Hey guy, the application fee for college students is $65 (common application fee without waiver); for the general graduate program it is $50. Other applications may cost more. Hey kid, how can I know the status of the application?",-1
19,0,1,Finding a place to stay On-campus housing is primarily for first-year students. Most of the university's students and visitors use off-campus housing. Many find www.zillow.com helpful in finding an apartment or room.,-1
19,1,1,"Hey kid, did you get the answer?",-1
19,0,1,useful,-1
19,1,1,"Hey boy, thanks, keep going!",-1
19,0,1,What is the cost of living for the student?,-1
19,1,1,"Hey guy, for on campus housing please contact the help center for customer service: https://sc.edu/about/offices_and_divisions/housing/help_center/index.php /n/ For off campus housing , you must contact the leasing office of your apartment. The school also provides consulting and legal services support for off-campus living issues: https://sc.edu/about/offices_and_divisions/off_campus_living_and_neighborhood_relations/find-housing/index.php",-1
19,0,1,Where to have lunch on campus? There are several places to eat lunch on and around campus. Check out lunch spots here https://sc.edu/experience/grab_a_bite/campus_restaurants_list.php,-1
19,1,1,"Hey kid, did you get the answer?",-1
19,0,1,useful,-1
19,1,1,"Hey boy, thanks, keep going!",-1
19,0,1,What to eat on campus?,-1
19,1,1,"Hey kid, sorry I misunderstood that. Could you rephrase or ask another question?",-1
19,0,1,"How about the meal plan? There are different types of meal plans for students and faculties. For more information on the meal plan, see the webpage:",-1
19,1,1,"Hi guys, https://sc.edu/about/offices_and_divisions/dining_services/meal_plans/index.php",-1
19,0,1,got the answer,-1
19,1,1,"Hey boy, helpful",-1
19,0,1,"Thanks, keep going!",-1
19,1,1,"hey boy, bye",-1
19,0,1,Could you give us some feedback on your experience? There will be 5 questions.,-1
19,1,1,hey boy yeah,-1
19,0,1,Are you satisfied with the answers to your questions?,-1
19,1,1,"Hey boy, satisfy",-1
19,0,1,Are you satisfied with the way the chatbot interacted with you?,-1
19,1,1,"Hey boy, interaction",-1
19,0,1,To what extent will you prefer the chatbot to searching for answers on Google?,-1
19,1,1,"Hey boy, preference",-1
19,0,1,Will you choose the chatbot to find UofSC information for future use?,-1
19,1,1,"Hey boy, future",-1
19,0,1,What is your overall satisfaction from using the chatbot to find school information? in general,-1
19,1,1,"Hey guy, thanks, that's all for the comments. The last part refers to your demographic information.",-1
19,0,1,Are you currently a student studying less than 2 years at UofSC?,-1
19,1,1,"Hey boy, answer",-1
19,0,1,What is your gender?,-1
19,1,1,"Hey boy, gender",-1
19,0,1,How old are you?,-1
19,1,1,"Hey boy, age",-1
19,0,1,Is married?,-1
19,1,1,"Hey boy, marriage",-1
19,0,1,What is your current completed education level?,-1
19,1,1,"Hey boy, education",-1
19,0,1,Thank you for your participation and comments. This is all about the experiment.,-1
20,1,1,"hello boy, hello",-1
20,0,1,"Hey! Welcome to the website of the University of South Carolina, Columbia. I can help you with some basic questions about applying, locations, student housing, on-campus meals, etc. How can I help it? How to apply?",-1
20,1,1,"Hey kid, check the web page: https://sc.edu/apply/index.php",-1
20,0,1,got the answer,-1
20,1,1,"Hey boy, helpful",-1
20,0,1,"Thanks, keep going! How much is the application fee?",-1
20,1,1,"Hey guy, the application fee for college students is $65 (common application fee without waiver); for the general graduate program it is $50. Other applications may cost more.",-1
20,0,1,got the answer,-1
20,1,1,"Hey boy, helpful",-1
20,0,1,"Thanks, keep going! How can I know the status of the application?",-1
20,1,1,"Hey kid, you need to go check the application portal or contact the admission office. The Application Portal: https://applyweb.collegenet.com/account/new/create?origin=https://www.applyweb.com/cgi-bin/applymenu?instcode=uscgrad or https://apply.sc . edu/registration/freshman",-1
20,0,1,got the answer,-1
20,1,1,"Hey boy, helpful",-1
20,0,1,"Thanks, keep going! How to find a place to stay?",-1
20,1,1,"Hey guy, campus housing is mostly for freshmen. Most of the university's students and visitors use off-campus housing. Many find www.zillow.com helpful in finding an apartment or room.",-1
20,0,1,got the answer,-1
20,1,1,"Hey boy, helpful",-1
20,0,1,"Thanks, keep going! How about student life?",-1
20,1,1,"Hey guy, for on campus housing please contact the help center for customer service: https://sc.edu/about/offices_and_divisions/housing/help_center/index.php /n/ For off campus housing , you must contact the leasing office of your apartment. The school also provides consulting and legal services support for off-campus living issues: https://sc.edu/about/offices_and_divisions/off_campus_living_and_neighborhood_relations/find-housing/index.php",-1
20,0,1,got the answer,-1
20,1,1,"Hey boy, helpful",-1
20,0,1,"Thanks, keep going! Where to have lunch on campus?",-1
20,1,1,"Hey guy, there are several places to have lunch on and around campus. Check out lunch spots here https://sc.edu/experience/grab_a_bite/campus_restaurants_list.php",-1
20,0,1,got the answer,-1
20,1,1,"Hey boy, helpful",-1
20,0,1,"Thanks, keep going! How about the meal plan?",-1
20,1,1,"Hey guy, there are different types of meal plans for students and colleges. For more information on the meal plan, see the webpage:",-1
20,0,1,https://sc.edu/about/offices_and_divisions/dining_services/meal_plans/index.php,-1
20,1,1,"Hey kid, did you get the answer?",-1
20,0,1,useful,-1
20,1,1,"Hey boy, thanks, keep going!",-1
20,0,1,Bye,-1
20,1,1,"Hey guy, could you give us some feedback about your experience? There will be 5 questions.",-1
20,0,1,Yeah,-1
20,1,1,"Hey kid, are you satisfied with the answers to your questions?",-1
20,0,1,satisfy,-1
20,1,1,"Hey kid, are you satisfied with the way the chatbot interacted with you?",-1
20,0,1,interaction,-1
20,1,1,"Hey kid, to what extent will you prefer the chatbot to searching for answers on Google?",-1
20,0,1,preference,-1
20,1,1,"Hey kid, will you choose the chatbot to find UofSC information for future use?",-1
20,0,1,future What is your overall satisfaction from using the chatbot to find school information?,-1
20,1,1,"Hey boy, in general",-1
20,0,1,"Thanks, that's all for the comments. The last part refers to your demographic information.",-1
20,1,1,"Hello guy, Are you currently a student studying less than 2 years at UofSC?",-1
20,0,1,answer,-1
20,1,1,"Hey boy, what's your gender?",-1
20,0,1,gender,-1
20,1,1,"Hey kid, what's your age?",-1
20,0,1,age,-1
20,1,1,"Hey kid, are you married?",-1
20,0,1,marriage,-1
20,1,1,"Hey kid, what is your current completed education level?",-1
20,0,1,education,-1
20,1,1,"Hi guys, thanks for your participation and comments. This is all about the experiment.",-1
21,0,1,"Hey! Hello! Welcome to the website of the University of South Carolina, Columbia. I can help you with some basic questions about applying, locations, student housing, on-campus meals, etc. How can I help it?",-1
21,1,1,"Hey boy, how to apply?",-1
21,0,1,See the web page: https://sc.edu/apply/index.php,-1
21,1,1,"Hey kid, did you get the answer?",-1
21,0,1,"helpful Thanks, keep going!",-1
21,1,1,"Hey kid, how's student life?",-1
21,0,1,"For on-campus housing, please contact the Customer Service Help Center: https://sc.edu/about/offices_and_divisions/housing/help_center/index.php /n/ For off-campus housing, you should contact with your apartment rental office. The school also provides consulting and legal services support for off-campus living issues: https://sc.edu/about/offices_and_divisions/off_campus_living_and_neighborhood_relations/find-housing/index.php",-1
21,1,1,"Hey kid, did you get the answer?",-1
21,0,1,"helpful Thanks, keep going!",-1
21,1,1,"Hey kid, where do you eat lunch on campus?",-1
21,0,1,There are several places to eat lunch on and around campus. Check out lunch spots here https://sc.edu/experience/grab_a_bite/campus_restaurants_list.php,-1
21,1,1,"Hey kid, did you get the answer?",-1
21,0,1,"helpful Thanks, keep going!",-1
21,1,1,"Hey kid, how about the meal plan?",-1
21,0,1,"There are different types of meal plans for students and faculties. For more information on the meal plan, see the webpage:",-1
21,1,1,"Hi guys, https://sc.edu/about/offices_and_divisions/dining_services/meal_plans/index.php",-1
21,0,1,Did you get the answer?,-1
21,1,1,"Hey boy, helpful",-1
21,0,1,"Thanks, keep going!",-1
21,1,1,"hello boy, bye",-1
21,0,1,Could you give us some feedback on your experience? There will be 5 questions.,-1
21,1,1,hey boy yeah,-1
21,0,1,Are you satisfied with the answers to your questions?,-1
21,1,1,"Hey boy, satisfy",-1
21,0,1,Are you satisfied with the way the chatbot interacted with you?,-1
21,1,1,"Hey boy, interaction",-1
21,0,1,To what extent will you prefer the chatbot to searching for answers on Google?,-1
21,1,1,"Hey boy, preference",-1
21,0,1,Will you choose the chatbot to find UofSC information for future use? future,-1
21,1,1,"Hey kid, what is your overall satisfaction from using the chatbot to find out the school information?",-1
21,0,1,in general,-1
21,1,1,"Hey guy, thanks, that's all for the comments. The last part refers to your demographic information.",-1
21,0,1,Are you currently a student studying less than 2 years at UofSC?,-1
21,1,1,"Hey boy, answer",-1
21,0,1,What is your gender?,-1
21,1,1,"Hey boy, gender",-1
21,0,1,How old are you?,-1
21,1,1,"Hey boy, age",-1
21,0,1,Is married?,-1
21,1,1,"Hey boy, marriage",-1
21,0,1,What is your current completed education level?,-1
21,1,1,"Hey boy, education",-1
21,0,1,Thank you for your participation and comments. This is all about the experiment.,-1
22,1,2,"hello girl, hello",1
22,0,2,"Hey! Welcome to the website of the University of South Carolina, Columbia. I can help you with some basic questions about applying, locations, student housing, on-campus meals, etc. How can I help it?",1
22,1,2,"hello girl, bye",1
22,0,2,Could you give us some feedback on your experience? There will be 5 questions.,1
22,1,2,"hello girl, no",1
22,0,2,Please just give us a general comment. What is your overall satisfaction from using the chatbot to find school information?,1
22,1,2,"Hey girl, shorty",1
22,0,2,Thank you for your participation and comments. This is all about the experiment.,1
23,1,2,"hello girl, hello",1
23,0,2,"Hey! Welcome to the website of the University of South Carolina, Columbia. I can help you with some basic questions about applying, locations, student housing, on-campus meals, etc. How can I help it? What is the cheapest housing on campus?",1
23,1,2,"Hi girl, sorry I misunderstood that. Could you rephrase or ask another question?",1
23,0,2,How many restaurants are part of the dining plan?,1
23,1,2,"Hi girl, there are different types of meal plans for students and colleges. For more information on the meal plan, see the webpage:",1
23,0,2,https://sc.edu/about/offices_and_divisions/dining_services/meal_plans/index.php,1
23,1,2,"Hey girl, did you get the answer?",1
23,0,2,useful,1
23,1,2,"Hey girl, thanks, keep going!",1
23,0,2,"hello hello! Welcome to the website of the University of South Carolina, Columbia. I can help you with some basic questions about applying, locations, student housing, on-campus meals, etc. How can I help it?",1
23,1,2,"Hey girl, when is the application deadline?",1
23,0,2,"Sorry, I didn't quite understand that. Could you rephrase or ask another question?",1
23,1,2,"Hey girl, when does the app start?",1
23,0,2,You must go to consult the application portal or contact the admission office. The Application Portal: https://applyweb.collegenet.com/account/new/create?origin=https://www.applyweb.com/cgi-bin/applymenu?instcode=uscgrad or https://apply.sc . edu/register/freshman Did you get the answer?,1
23,1,2,"Hi girl, helpful",1
23,0,2,"Thanks, keep going!",1
23,1,2,"Hey girl, is there sushi on campus?",1
23,0,2,"There is a wide range of employment opportunities on campus designed to develop your essential and marketable skills. Check the web page: https://sc.edu/about/employment/student-employment/index.php Also, there are many graduate assistant positions for graduate students: https://sc.edu/study/colleges_schools/ graduate_school/paying_for_graduate_school/attendants/index.php",1
23,1,2,"Hey girl, did you get the answer?",1
23,0,2,useful,1
23,1,2,"Hey girl, thanks, keep going!",1
23,0,2,how much does student life cost,1
23,1,2,"Hey girl, on campus resident housing price ranges from $3100 to $6600 per semester. For more details, see the web page: https://sc.edu/about/offices_and_divisions/housing/index.php; The price of an off-campus apartment in Columbia ranges from $500 to $1,500. A room can be found at 350-600 USD. Columbia offers a variety of traditional and family-friendly apartment and living options. You can expand your search to websites such as ApartmentFinder.com, ApartmentList.com, Zillow.com, Trulia.com, and Homes.com.",1
23,0,2,Did you get the answer?,1
23,1,2,"Hi girl, helpful",1
23,0,2,"Thanks, keep going!",1
23,1,2,"hello girl, bye",1
23,0,2,Could you give us some feedback on your experience? There will be 5 questions.,1
23,1,2,hey girl yeah,1
23,0,2,Are you satisfied with the answers to your questions?,1
23,1,2,"Hey girl, please",1
23,0,2,Are you satisfied with the way the chatbot interacted with you?,1
23,1,2,"Hey girl, interaction",1
23,0,2,To what extent will you prefer the chatbot to searching for answers on Google? preference,1
23,1,2,"Hey girl, will you choose the chatbot to find UofSC information for future use?",1
23,0,2,future,1
23,1,2,"Hi girl, what is your overall satisfaction from using the chatbot to find out the school information?",1
23,0,2,in general,1
23,1,2,"Hey girl, thanks, that's all for the comments. The last part refers to your demographic information.",1
23,0,2,Are you currently a student studying less than 2 years at UofSC?,1
23,1,2,"Hey girl, answer",1
23,0,2,What is your gender?,1
23,1,2,"Hey girl, gender",1
23,0,2,How old are you?,1
23,1,2,"Hey girl, age",1
23,0,2,Is married?,1
23,1,2,"Hey girl, marriage",1
23,0,2,What is your current completed education level? education,1
23,1,2,"Hello girl, thanks for your participation and comments. This is all about the experiment.",1
24,0,2,Hola,1
24,1,2,"Hey girl Hey! Welcome to the website of the University of South Carolina, Columbia. I can help you with some basic questions about applying, locations, student housing, on-campus meals, etc. How can I help it?",1
24,0,2,how to apply See website: https://sc.edu/apply/index.php,1
24,1,2,"Hey girl, did you get the answer?",1
24,0,2,useful,1
24,1,2,"Hey girl, thanks, keep going!",1
24,0,2,"eat meal plan There are different types of meal plans for students and faculties. For more information on the meal plan, see the webpage:",1
24,1,2,"Hey girl, https://sc.edu/about/offices_and_divisions/dining_services/meal_plans/index.php",1
24,0,2,Did you get the answer?,1
24,1,2,"Hi girl, helpful",1
24,0,2,"Thanks, keep going! student",1
24,1,2,"Hey girl, freshmen, in order to receive your CarolinaCard upon move-in, you must upload your photo and sign the cardholder agreement. Transfer students, please follow the above requirements to pick up your CarolinaCard at our Russell House Student Union basement office on Greene Street. Faculty and staff must also follow the above requirements and go to the CarolinaCard office inside Russell House.",1
24,0,2,Did you get the answer?,1
24,1,2,"Hi girl, helpful",1
24,0,2,"Thanks, keep going!",1
24,1,2,"Hey girl, cost of living",1
24,0,2,"For on-campus housing, please contact the Customer Service Help Center: https://sc.edu/about/offices_and_divisions/housing/help_center/index.php /n/ For off-campus housing, you should contact with your apartment rental office. The school also provides consulting and legal services support for off-campus living issues: https://sc.edu/about/offices_and_divisions/off_campus_living_and_neighborhood_relations/find-housing/index.php",1
24,1,2,"Hey girl, did you get the answer?",1
24,0,2,useful,1
24,1,2,"Hey girl, thanks, keep going!",1
24,0,2,bye,1
24,1,2,"Hi girl, could you give us some feedback about your experience? There will be 5 questions.",1
24,0,2,Yeah,1
24,1,2,"Hello girl, Are you satisfied with the answers to your questions?",1
24,0,2,satisfy,1
24,1,2,"Hello girl, are you satisfied with the way the chatbot interacted with you?",1
24,0,2,interaction To what extent will you prefer the chatbot to searching for answers on Google?,1
24,1,2,hey girl preference,1
24,0,2,Will you choose the chatbot to find UofSC information for future use?,1
24,1,2,"Hey girl, future",1
24,0,2,What is your overall satisfaction from using the chatbot to find school information?,1
24,1,2,"Hi girl, in general",1
24,0,2,"Thanks, that's all for the comments. The last part refers to your demographic information.",1
24,1,2,"Hello girl, Are you currently a student studying less than 2 years at UofSC?",1
24,0,2,answer,1
24,1,2,"Hey girl, what's your gender?",1
24,0,2,gender,1
24,1,2,"Hey girl, what's your age?",1
24,0,2,age,1
24,1,2,"Hey girl, are you married?",1
24,0,2,marriage What is your current educational level?,1
24,1,2,"Hey girl, education",1
24,0,2,Thank you for your participation and comments. This is all about the experiment.,1
25,1,2,"hello girl, hello",1
25,0,2,"Hey! Welcome to the website of the University of South Carolina, Columbia. I can help you with some basic questions about applying, locations, student housing, on-campus meals, etc. How can I help it?",1
25,1,2,"Hey girl, where can I apply?",1
25,0,2,Check the web page: https://sc.edu/apply/index.php Did you get the answer?,1
25,1,2,"Hi girl, helpful",1
25,0,2,"Thanks, keep going!",1
25,1,2,"Hey girl, what's the cost of housing on campus?",1
25,0,2,"The typical price of a student apartment in Columbia ranges from $500 to $1,500. A room can be found at 350-600 USD.",1
25,1,2,"Hey girl, what's to eat on campus?",1
25,0,2,"See campus buildings and facilities at https://sc.edu/about/offices_and_divisions/student_affairs/our_facilities/index.php. Also, there are interactive campus maps: https://www.sc.edu/visit/map/ Got the answer?",1
25,1,2,"Hi girl, helpful",1
25,0,2,"Thanks, keep going!",1
25,1,2,"Hey girl, when is the application deadline?",1
25,0,2,"Sorry, I didn't quite understand that. Could you rephrase or ask another question? What is the cost of the meal plan?",1
25,1,2,"Hi girl, there are different types of meal plans for students and colleges. For more information on the meal plan, see the webpage:",1
25,0,2,https://sc.edu/about/offices_and_divisions/dining_services/meal_plans/index.php,1
25,1,2,"Hey girl, did you get the answer?",1
25,0,2,"helpful Thanks, keep going!",1
25,1,2,"Hello girl, where can I track the status of my application?",1
25,0,2,You must go to consult the application portal or contact the admission office. The Application Portal: https://applyweb.collegenet.com/account/new/create?origin=https://www.applyweb.com/cgi-bin/applymenu?instcode=uscgrad or https://apply.sc . edu/registration/freshman,1
25,1,2,"Hey girl, did you get the answer?",1
25,0,2,"helpful Thanks, keep going!",1
25,1,2,"Hey girl, where's the campus?",1
25,0,2,"See campus buildings and facilities at https://sc.edu/about/offices_and_divisions/student_affairs/our_facilities/index.php. Additionally, there are interactive campus maps: https://www.sc.edu/visit/map/",1
25,1,2,"Hey girl, did you get the answer?",1
25,0,2,useful,1
25,1,2,"Hey girl, thanks, keep going!",1
25,0,2,What is the application fee?,1
25,1,2,"Hey girl, the application fee for college students is $65 (common application fee without waiver); for the general graduate program it is $50. Other applications may cost more.",1
25,0,2,Did you get the answer?,1
25,1,2,"Hi girl, helpful",1
25,0,2,"Thanks, keep going!",1
25,1,2,"hello girl, bye",1
25,0,2,Could you give us some feedback on your experience? There will be 5 questions.,1
25,1,2,hey girl yeah,1
25,0,2,Are you satisfied with the answers to your questions?,1
25,1,2,"Hey girl, please",1
25,0,2,Are you satisfied with the way the chatbot interacted with you? interaction,1
25,1,2,"Hey girl, to what extent will you prefer the chatbot to searching for answers on Google?",1
25,0,2,preference,1
25,1,2,"Hey girl, will you choose the chatbot to find UofSC information for future use?",1
25,0,2,future,1
25,1,2,"Hi girl, what is your overall satisfaction from using the chatbot to find out the school information?",1
25,0,2,in general,1
25,1,2,"Hey girl, thanks, that's all for the comments. The last part refers to your demographic information.",1
25,0,2,Are you currently a student studying less than 2 years at UofSC?,1
25,1,2,"Hey girl, answer",1
25,0,2,What is your gender?,1
25,1,2,"Hey girl, gender",1
25,0,2,How old are you?,1
25,1,2,"Hey girl, age",1
25,0,2,Is married?,1
25,1,2,"Hey girl, marriage",1
25,0,2,What is your current completed education level? education,1
25,1,2,"Hello girl, thanks for your participation and comments. This is all about the experiment.",1
25,0,2,Hola,1
25,1,2,"Hey girl Hey! Welcome to the website of the University of South Carolina, Columbia. I can help you with some basic questions about applying, locations, student housing, on-campus meals, etc. How can I help it?",1
25,0,2,"Hey! Hello! Welcome to the website of the University of South Carolina, Columbia. I can help you with some basic questions about applying, locations, student housing, on-campus meals, etc. How can I help it?",1
25,1,2,"Hello girl, how should I apply?",1
25,0,2,Check the web page: https://sc.edu/apply/index.php Did you get the answer?,1
25,1,2,"Hi girl, helpful",1
25,0,2,"Thanks, keep going! How much would the application fee be? The application fee for bachelor's degree is $65 (common application fee without waiver); for the general graduate program it is $50. Other applications may cost more.",1
25,1,2,"Hey girl, did you get the answer?",1
25,0,2,Where can I find an apartment?,1
25,1,2,"Hey girl, the typical price for a student apartment in Columbia ranges from $500 to $1,500. A room can be found at 350-600 USD.",1
25,0,2,Did you get the answer?,1
25,1,2,"Hey girl, is the food good on campus?",1
25,0,2,There is a wide range of employment opportunities on campus designed to develop your essential and marketable skills. See web page: https://sc.edu/about/employment/student-employment/index.php,1
25,1,2,"Hey girl, there are also many graduate assistant positions for graduate students: https://sc.edu/study/colleges_schools/graduate_school/paying_for_graduate_school/assistantships/index.php",1
25,0,2,Did you get the answer? useful,1
25,1,2,"Hey girl, thanks, keep going!",1
25,0,2,When the deadline?,1
25,1,2,"Hi girl, sorry I misunderstood that. Could you rephrase or ask another question?",1
25,0,2,When is the deadline to apply?,1
25,1,2,"Hi girl, sorry I misunderstood that. Could you rephrase or ask another question?",1
25,0,2,How can I find out the status/deadline of the application...,1
25,1,2,"Hello girl, you should go check the application portal or contact the admission office. The Application Portal: https://applyweb.collegenet.com/account/new/create?origin=https://www.applyweb.com/cgi-bin/applymenu?instcode=uscgrad or https://apply.sc . edu/registration/freshman",1
25,0,2,Did you get the answer?,1
25,1,2,"Hi girl, helpful",1
25,0,2,"Thanks, keep going!",1
25,1,2,"hello girl, bye",1
25,0,2,Could you give us some feedback on your experience? There will be 5 questions.,1
25,1,2,hey girl yeah,1
25,0,2,Are you satisfied with the answers to your questions?,1
25,1,2,"Hey girl, please",1
25,0,2,Are you satisfied with the way the chatbot interacted with you? interaction,1
25,1,2,"Hey girl, to what extent will you prefer the chatbot to searching for answers on Google?",1
25,0,2,preference,1
25,1,2,"Hey girl, will you choose the chatbot to find UofSC information for future use?",1
25,0,2,future,1
25,1,2,"Hi girl, what is your overall satisfaction from using the chatbot to find out the school information?",1
25,0,2,in general,1
25,1,2,"Hey girl, thanks, that's all for the comments. The last part refers to your demographic information.",1
25,0,2,Are you currently a student studying less than 2 years at UofSC?,1
25,1,2,"Hey girl, answer",1
25,0,2,What is your gender? gender,1
25,1,2,"Hey girl, what's your age?",1
25,0,2,age,1
25,1,2,"Hey girl, are you married?",1
25,0,2,marriage,1
25,1,2,"Hello girl, what is your current full education level?",1
25,0,2,education Thank you for your participation and comments. This is all about the experiment.,1
26,1,2,"hello girl, hello",1
26,0,2,"Hey! Welcome to the website of the University of South Carolina, Columbia. I can help you with some basic questions about applying, locations, student housing, on-campus meals, etc. How can I help it?",1
26,1,2,"Hey girl, what are the available ways?",1
26,0,2,"Sorry, I didn't quite understand that. Could you rephrase or ask another question? What's to eat on campus?",1
26,1,2,"Hey girl, check out campus buildings and facilities at https://sc.edu/about/offices_and_divisions/student_affairs/our_facilities/index.php. Additionally, there are interactive campus maps: https://www.sc.edu/visit/map/",1
26,0,2,Did you get the answer?,1
26,1,2,"Hi girl, helpful",1
26,0,2,"Thanks, keep going! What is the application deadline?",1
26,1,2,"Hi girl, it may vary in different years. For 2022: Spring 2022 Application Deadline: November 1 Spring 2022 Credential Application Deadline: December 19 Fall 2022 Application Deadline: July 1 Fall 2022 Credential Application Deadline: 2022 (including official transcripts): July 15 Summer 2022 (classes begin in June) Summer 2022 application deadline: May 1 Summer 2022 credentialing deadline (including official transcripts) : 15 th of May",1
26,0,2,Did you get the answer?,1
26,1,2,"Hello girl, useful. Hello girl, thank you, continue!",1
26,0,2,How much does the meal plan cost?,1
26,1,2,"Hey girl, on campus resident housing price ranges from $3100 to $6600 per semester. For more details, see the web page: https://sc.edu/about/offices_and_divisions/housing/index.php; The price of an off-campus apartment in Columbia ranges from $500 to $1,500. A room can be found at 350-600 USD. Columbia offers a variety of traditional and family-friendly apartment and living options. You can expand your search to websites such as ApartmentFinder.com, ApartmentList.com, Zillow.com, Trulia.com, and Homes.com.",1
26,0,2,Did you get the answer?,1
26,1,2,"Hi girl, helpful",1
26,0,2,"Thanks, keep going!",1
26,1,2,"Hey girl, where do I apply?",1
26,0,2,No,1
26,1,2,"Hey girl, please just give us a general feedback. What is your overall satisfaction from using the chatbot to find school information?",1
26,0,2,brief Thank you for your participation and comments. This is all about the experiment.,1
26,1,2,"hello girl, hello",1
26,0,2,"Hey! Welcome to the website of the University of South Carolina, Columbia. I can help you with some basic questions about applying, locations, student housing, on-campus meals, etc. How can I help it?",1
26,1,2,"Hey girl, what are the available ways?",1
26,0,2,"Sorry, I didn't quite understand that. Could you rephrase or ask another question? What's to eat on campus?",1
26,1,2,"Hey girl, check out campus buildings and facilities at https://sc.edu/about/offices_and_divisions/student_affairs/our_facilities/index.php. Additionally, there are interactive campus maps: https://www.sc.edu/visit/map/",1
26,0,2,Did you get the answer?,1
26,1,2,"Hi girl, helpful",1
26,0,2,"Thanks, keep going! What is the application deadline?",1
26,1,2,"Hi girl, it may vary in different years. For 2022: Spring 2022 Application Deadline: November 1 Spring 2022 Credential Application Deadline: December 19 Fall 2022 Application Deadline: July 1 Fall 2022 Credential Application Deadline: 2022 (including official transcripts): July 15 Summer 2022 (classes begin in June) Summer 2022 application deadline: May 1 Summer 2022 credentialing deadline (including official transcripts) : 15 th of May",1
26,0,2,Did you get the answer?,1
26,1,2,"Hello girl, useful. Hello girl, thank you, continue!",1
26,0,2,How much does the meal plan cost?,1
26,1,2,"Hey girl, on campus resident housing price ranges from $3100 to $6600 per semester. For more details, see the web page: https://sc.edu/about/offices_and_divisions/housing/index.php; The price of an off-campus apartment in Columbia ranges from $500 to $1,500. A room can be found at 350-600 USD. Columbia offers a variety of traditional and family-friendly apartment and living options. You can expand your search to websites such as ApartmentFinder.com, ApartmentList.com, Zillow.com, Trulia.com, and Homes.com.",1
26,0,2,Did you get the answer?,1
26,1,2,"Hi girl, helpful",1
26,0,2,"Thanks, keep going!",1
26,1,2,"Hey girl, where do I apply?",1
26,0,2,No,1
26,1,2,"Hey girl, please just give us a general feedback. What is your overall satisfaction from using the chatbot to find school information?",1
26,0,2,short,1
26,1,2,"Hello girl, thanks for your participation and comments. This is all about the experiment.",1
26,0,2,bye,1
26,1,2,"Hi girl, could you give us some feedback about your experience? There will be 5 questions.",1
26,0,2,Yeah,1
26,1,2,"Hello girl, Are you satisfied with the answers to your questions?",1
26,0,2,satisfy,1
26,1,2,"Hello girl, are you satisfied with the way the chatbot interacted with you?",1
26,0,2,interaction To what extent will you prefer the chatbot to searching for answers on Google?,1
26,1,2,hey girl preference,1
26,0,2,Will you choose the chatbot to find UofSC information for future use?,1
26,1,2,"Hey girl, future",1
26,0,2,What is your overall satisfaction from using the chatbot to find school information?,1
26,1,2,"Hello girl, in general",1
26,0,2,"Thanks, that's all for the comments. The last part refers to your demographic information.",1
26,1,2,"Hello girl, Are you currently a student studying less than 2 years at UofSC?",1
26,0,2,answer,1
26,1,2,"Hey girl, what's your gender?",1
26,0,2,gender What is your age?,1
26,1,2,"Hey girl, age",1
26,0,2,Is married?,1
26,1,2,"Hey girl, marriage",1
26,0,2,What is your current completed education level? education,1
26,1,2,"Hello girl, thanks for your participation and comments. This is all about the experiment.",1
27,0,2,Hola,1
27,1,2,"Hey girl Hey! Welcome to the website of the University of South Carolina, Columbia. I can help you with some basic questions about applying, locations, student housing, on-campus meals, etc. How can I help it? Hello girl how to apply",1
27,0,2,Check the web page: https://sc.edu/apply/index.php Did you get the answer?,1
27,1,2,hey girl yeah,1
27,0,2,Are you satisfied with the answers to your questions?,1
27,1,2,"Hello girl, 5 Hello girl, what is the amount of the fee? Hey girl, the application fee for college students is $65 (common application fee without waiver); for the general graduate program it is $50. Other applications may cost more. Hey girl, did you get the answer?",1
27,0,2,useful,1
27,1,2,"Hey girl, thanks, keep going!",1
27,0,2,Is there a good place to stay?,1
27,1,2,"Hey girl, is there a place to stay?",1
27,0,2,how to find a place to stay,1
27,1,2,"hello girl, bye",1
27,0,2,Could you give us some feedback on your experience? There will be 5 questions.,1
27,1,2,hey girl yeah,1
27,0,2,Are you satisfied with the answers to your questions?,1
27,1,2,"Hey girl, please",1
27,0,2,Are you satisfied with the way the chatbot interacted with you?,1
27,1,2,"Hey girl, interaction",1
27,0,2,To what extent will you prefer the chatbot to searching for answers on Google? preference,1
27,1,2,"Hey girl, will you choose the chatbot to find UofSC information for future use?",1
27,0,2,future,1
27,1,2,"Hi girl, what is your overall satisfaction from using the chatbot to find out the school information?",1
27,0,2,in general,1
27,1,2,"Hey girl, thanks, that's all for the comments. The last part refers to your demographic information.",1
27,0,2,Are you currently a student studying less than 2 years at UofSC?,1
27,1,2,"Hey girl, answer",1
27,0,2,What is your gender?,1
27,1,2,"Hey girl, gender",1
27,0,2,How old are you? age,1
27,1,2,"Hey girl, are you married?",1
27,0,2,marriage,1
27,1,2,"Hello girl, what is your current full education level?",1
27,0,2,education Thank you for your participation and comments. This is all about the experiment.,1
28,1,2,"hello girl, hello",1
28,0,2,"Hey! Welcome to the website of the University of South Carolina, Columbia. I can help you with some basic questions about applying, locations, student housing, on-campus meals, etc. How can I help it?",1
28,1,2,"Hey girl, where is a good place to eat on campus?",1
28,0,2,"See campus buildings and facilities at https://sc.edu/about/offices_and_divisions/student_affairs/our_facilities/index.php. Additionally, there are interactive campus maps: https://www.sc.edu/visit/map/",1
28,1,2,"Hey girl, did you get the answer?",1
28,0,2,useful,1
28,1,2,"Hey girl, thanks, keep going!",1
28,0,2,"Is there housing near the horseshoe? Sorry, I didn't quite understand that. Could you rephrase or ask another question? Are there dormitories on the north side of campus? Sorry, I didn't quite understand that. Could you rephrase or ask another question?",1
28,1,2,"Hi girl, where is housing available on campus?",1
28,0,2,There is a wide range of employment opportunities on campus designed to develop your essential and marketable skills. See web page: https://sc.edu/about/employment/student-employment/index.php,1
28,1,2,"Hey girl, there are also many graduate assistant positions for graduate students: https://sc.edu/study/colleges_schools/graduate_school/paying_for_graduate_school/assistantships/index.php",1
28,0,2,Did you get the answer? useful,1
28,1,2,"Hey girl, thanks, keep going!",1
28,0,2,How much is tuition?,1
28,1,2,"Hey girl, the estimated tuition and technology fee for South Carolina residents is $12,688, for non-residents it is $33,928. For more details, check out the webpage: https://sc .edu/about/offices_and_divisions/undergraduate_admissions/ matrcula_becas/matrcula/index.php",1
28,0,2,Did you get the answer? useful,1
28,1,2,"Hey girl, thanks, keep going!",1
28,0,2,How much does the meal plan cost?,1
28,1,2,"Hey girl, on campus resident housing price ranges from $3100 to $6600 per semester. For more details, see the web page: https://sc.edu/about/offices_and_divisions/housing/index.php; The price of an off-campus apartment in Columbia ranges from $500 to $1,500. A room can be found at 350-600 USD. Columbia offers a variety of traditional and family-friendly apartment and living options. You can expand your search to websites such as ApartmentFinder.com, ApartmentList.com, Zillow.com, Trulia.com, and Homes.com.",1
28,0,2,Did you get the answer? useful,1
28,1,2,"Hey girl, thanks, keep going!",1
28,0,2,When is the Fall 2023 application deadline?,1
28,1,2,"Hi girl, it may vary in different years. For 2022: Spring 2022 Application Deadline: November 1 Spring 2022 Credential Application Deadline: December 19 Fall 2022 Application Deadline: July 1 Fall 2022 Credential Application Deadline: 2022 (including official transcripts): July 15 Summer 2022 (classes begin in June) Summer 2022 application deadline: May 1 Summer 2022 credentialing deadline (including official transcripts) : 15 th of May",1
28,0,2,Did you get the answer?,1
28,1,2,"Hi girl, helpful",1
28,0,2,"Thanks, keep going!",1
28,1,2,"hello girl, bye",1
28,0,2,Could you give us some feedback on your experience? There will be 5 questions.,1
28,1,2,hey girl yeah,1
28,0,2,Are you satisfied with the answers to your questions?,1
28,1,2,"Hey girl, please",1
28,0,2,Are you satisfied with the way the chatbot interacted with you?,1
28,1,2,"Hey girl, interaction",1
28,0,2,To what extent will you prefer the chatbot to searching for answers on Google?,1
28,1,2,hey girl preference,1
28,0,2,Will you choose the chatbot to find UofSC information for future use? future,1
28,1,2,"Hi girl, what is your overall satisfaction from using the chatbot to find out the school information?",1
28,0,2,in general,1
28,1,2,"Hey girl, thanks, that's all for the comments. The last part refers to your demographic information.",1
28,0,2,Are you currently a student studying less than 2 years at UofSC?,1
28,1,2,"Hey girl, answer",1
28,0,2,What is your gender?,1
28,1,2,"Hey girl, gender",1
28,0,2,How old are you?,1
28,1,2,"Hey girl, age",1
28,0,2,Is married? marriage,1
28,1,2,"Hello girl, what is your current full education level?",1
28,0,2,education,1
28,1,2,"Hello girl, thanks for your participation and comments. This is all about the experiment.",1
29,0,2,"Hey! Hello! Welcome to the website of the University of South Carolina, Columbia. I can help you with some basic questions about applying, locations, student housing, on-campus meals, etc. How can I help it?",1
29,1,2,"Hey girl, what's for lunch on campus?",1
29,0,2,"See campus buildings and facilities at https://sc.edu/about/offices_and_divisions/student_affairs/our_facilities/index.php. Additionally, there are interactive campus maps: https://www.sc.edu/visit/map/",1
29,1,2,"Hey girl, did you get the answer?",1
29,0,2,"helpful Thanks, keep going!",1
29,1,2,"Hey girl, where to have lunch on campus?",1
29,0,2,There are several places to eat lunch on and around campus. Check out lunch spots here https://sc.edu/experience/grab_a_bite/campus_restaurants_list.php,1
29,1,2,"Hey girl, did you get the answer?",1
29,0,2,"helpful Thanks, keep going!",1
29,1,2,"Hey girl, how is student life?",1
29,0,2,"For on-campus housing, please contact the Customer Service Help Center: https://sc.edu/about/offices_and_divisions/housing/help_center/index.php /n/ For off-campus housing, you should contact with your apartment rental office. The school also provides consulting and legal services support for off-campus living issues: https://sc.edu/about/offices_and_divisions/off_campus_living_and_neighborhood_relations/find-housing/index.php",1
29,1,2,"Hey girl, did you get the answer? Hello girl, useful. Hello girl, thank you, continue! Hey girl how to find a place to stay",1
29,0,2,How to find a place to stay How can I find a place to stay? What about the meal plan?,1
29,1,2,"Hi girl, there are different types of meal plans for students and colleges. For more information on the meal plan, see the webpage:",1
29,0,2,https://sc.edu/about/offices_and_divisions/dining_services/meal_plans/index.php,1
29,1,2,"Hey girl, did you get the answer?",1
29,0,2,useful,1
29,1,2,"Hey girl, thanks, keep going!",1
29,0,2,"What can I eat? Sorry, I didn't quite understand that. Could you rephrase or ask another question?",1
29,1,2,"Hey girl, what can I eat on campus?",1
29,0,2,"See campus buildings and facilities at https://sc.edu/about/offices_and_divisions/student_affairs/our_facilities/index.php. Additionally, there are interactive campus maps: https://www.sc.edu/visit/map/",1
29,1,2,"Hey girl, did you get the answer?",1
29,0,2,useful,1
29,1,2,"Hey girl, thanks, keep going!",1
29,0,2,Bye,1
29,1,2,"Hi girl, could you give us some feedback about your experience? There will be 5 questions.",1
29,0,2,Yeah,1
29,1,2,"Hello girl, Are you satisfied with the answers to your questions?",1
29,0,2,satisfy,1
29,1,2,"Hello girl, are you satisfied with the way the chatbot interacted with you?",1
29,0,2,interaction,1
29,1,2,"Hey girl, to what extent will you prefer the chatbot to searching for answers on Google?",1
29,0,2,preference,1
29,1,2,"Hey girl, will you choose the chatbot to find UofSC information for future use?",1
29,0,2,future What is your overall satisfaction from using the chatbot to find school information?,1
29,1,2,"Hi girl, in general",1
29,0,2,"Thanks, that's all for the comments. The last part refers to your demographic information.",1
29,1,2,"Hello girl, Are you currently a student studying less than 2 years at UofSC?",1
29,0,2,answer,1
29,1,2,"Hey girl, what's your gender?",1
29,0,2,gender,1
29,1,2,"Hey girl, what's your age?",1
29,0,2,age,1
29,1,2,"Hey girl, are you married?",1
29,0,2,marriage What is your current educational level?,1
29,1,2,"Hey girl, education",1
29,0,2,Thank you for your participation and comments. This is all about the experiment.,1
30,1,2,"hello girl, hello",1
30,0,2,"Hey! Welcome to the website of the University of South Carolina, Columbia. I can help you with some basic questions about applying, locations, student housing, on-campus meals, etc. How can I help it?",1
30,1,2,"Hi girl, is there accommodation available for international graduate students?",1
30,0,2,"Sorry, I didn't quite understand that. Could you rephrase or ask another question?",1
30,1,2,"Hey girl, tell me about the house",1
30,0,2,"Sorry, I didn't quite understand that. Could you rephrase or ask another question?",1
30,1,2,"Hey girl, what's the cost of living for a student?",1
30,0,2,"Sorry, I didn't quite understand that. Could you rephrase or ask another question?",1
30,1,2,"Hey girl, what's the cost of living for a student?",1
30,0,2,"Sorry, I didn't quite understand that. Could you rephrase or ask another question? How about the meal plan? There are different types of meal plans for students and faculties. For more information on the meal plan, see the webpage:",1
30,1,2,"Hey girl, https://sc.edu/about/offices_and_divisions/dining_services/meal_plans/index.php Hey girl, did you get the answer?",1
30,0,2,How to apply?,1
30,1,2,"Hey girl, adf Hey girl, I'm sorry I misunderstood that. Could you rephrase or ask another question?",1
30,0,2,How to apply?,1
30,1,2,"hello girl, bye",1
30,0,2,Could you give us some feedback on your experience? There will be 5 questions.,1
30,1,2,hey girl yeah,1
30,0,2,Are you satisfied with the answers to your questions?,1
30,1,2,"Hey girl, please",1
30,0,2,Are you satisfied with the way the chatbot interacted with you?,1
30,1,2,"Hey girl, interaction",1
30,0,2,To what extent will you prefer the chatbot to searching for answers on Google?,1
30,1,2,hey girl preference,1
30,0,2,Will you choose the chatbot to find UofSC information for future use?,1
30,1,2,"Hey girl, future",1
30,0,2,What is your overall satisfaction from using the chatbot to find school information? in general,1
30,1,2,"Hey girl, thanks, that's all for the comments. The last part refers to your demographic information.",1
30,0,2,Are you currently a student studying less than 2 years at UofSC?,1
30,1,2,"Hey girl, answer",1
30,0,2,What is your gender?,1
30,1,2,"Hey girl, gender",1
30,0,2,How old are you?,1
30,1,2,"Hey girl, age",1
30,0,2,Is married?,1
30,1,2,"Hey girl, marriage",1
30,0,2,What is your current completed education level? education,1
30,1,2,"Hello girl, thanks for your participation and comments. This is all about the experiment.",1
31,0,2,Hola,1
31,1,2,"Hey girl Hey! Welcome to the website of the University of South Carolina, Columbia. I can help you with some basic questions about applying, locations, student housing, on-campus meals, etc. How can I help it?",1
31,0,2,How to apply? See the web page: https://sc.edu/apply/index.php,1
31,1,2,"Hey girl, did you get the answer?",1
31,0,2,useful,1
31,1,2,"Hey girl, thanks, keep going!",1
31,0,2,How much is the request? The application fee for undergraduate students is $65 (common application fee without waiver); for the general graduate program it is $50. Other applications may cost more.,1
31,1,2,"Hey girl, did you get the answer?",1
31,0,2,How can I find out the application deadline? The application fee for undergraduate students is $65 (common application fee without waiver); for the general graduate program it is $50. Other applications may cost more.,1
31,1,2,"Hey girl, did you get the answer?",1
31,0,2,useful,1
31,1,2,"Hey girl, thanks, keep going! Hey girl, how to find a place to stay?",1
31,0,2,"What about student life? For on-campus housing, please contact the Customer Service Help Center: https://sc.edu/about/offices_and_divisions/housing/help_center/index.php /n/ For off-campus housing, you should contact with your apartment rental office. The school also provides consulting and legal services support for off-campus living issues: https://sc.edu/about/offices_and_divisions/off_campus_living_and_neighborhood_relations/find-housing/index.php",1
31,1,2,"Hey girl, did you get the answer?",1
31,0,2,useful,1
31,1,2,"Hey girl, thanks, keep going!",1
31,0,2,"cost of living For on-campus housing, contact the help center for customer service: https://sc.edu/about/offices_and_divisions/housing/help_center/index.php /n/ For off-campus housing , you must contact the leasing office of your apartment. The school also provides consulting and legal services support for off-campus living issues: https://sc.edu/about/offices_and_divisions/off_campus_living_and_neighborhood_relations/find-housing/index.php",1
31,1,2,"Hey girl, did you get the answer?",1
31,0,2,useful,1
31,1,2,"Hey girl, thanks, keep going!",1
31,0,2,Where to eat lunch There are several places to eat lunch on and around campus. Check out lunch spots here https://sc.edu/experience/grab_a_bite/campus_restaurants_list.php,1
31,1,2,"Hey girl, did you get the answer?",1
31,0,2,useful,1
31,1,2,"Hey girl, thanks, keep going!",1
31,0,2,"What about the meal plan? There are different types of meal plans for students and teachers. For more information on the meal plan, see the web page: https://sc.edu/about/offices_and_divisions/dining_services/meal_plans/index.php",1
31,1,2,"Hey girl, did you get the answer?",1
31,0,2,useful,1
31,1,2,"Hey girl, thanks, keep going!",1
31,0,2,what to eat,1
31,1,2,"Hi girl, sorry I misunderstood that. Could you rephrase or ask another question?",1
31,0,2,what to eat on campus,1
31,1,2,"Hi girl, sorry I misunderstood that. Could you rephrase or ask another question?",1
31,0,2,What to eat on campus?,1
31,1,2,"Hi girl, sorry I misunderstood that. Could you rephrase or ask another question? Hey girl, how to find a place to stay?",1
31,0,2,bye,1
31,1,2,"Hi girl, could you give us some feedback about your experience? There will be 5 questions.",1
31,0,2,Yeah,1
31,1,2,"Hello girl, Are you satisfied with the answers to your questions?",1
31,0,2,satisfy,1
31,1,2,"Hello girl, are you satisfied with the way the chatbot interacted with you?",1
31,0,2,interaction,1
31,1,2,"Hey girl, to what extent will you prefer the chatbot to searching for answers on Google?",1
31,0,2,preference,1
31,1,2,"Hey girl, will you choose the chatbot to find UofSC information for future use?",1
31,0,2,future,1
31,1,2,"Hi girl, what is your overall satisfaction from using the chatbot to find out the school information?",1
31,0,2,"Thanks in general, that's all for the feedback. The last part refers to your demographic information.",1
31,1,2,"Hello girl, Are you currently a student studying less than 2 years at UofSC?",1
31,0,2,answer,1
31,1,2,"Hey girl, what's your gender?",1
31,0,2,gender,1
31,1,2,"Hey girl, what's your age?",1
31,0,2,age,1
31,1,2,"Hey girl, are you married?",1
31,0,2,marriage,1
31,1,2,"Hello girl, what is your current full education level?",1
31,0,2,education Thank you for your participation and comments. This is all about the experiment.,1
